date,REAINTRATREARAT1YE,CPIAUCSL_PC1,SPASTT01USM661N,FEDFUNDS,OT
1982-01-01,4.34358480,8.25688,6.7250869999999994,13.22,384.163
1982-02-01,6.70684300,7.61364,6.5522950000000000,14.78,374.458
1982-03-01,7.67323810,6.88488,6.3243609999999997,14.68,330.413
1982-04-01,8.16635540,6.62177,6.6316160000000002,14.94,350.335
1982-05-01,8.26540550,6.91193,6.6416520000000006,14.45,334.505
1982-06-01,9.28602170,7.18232,6.2487050000000002,14.15,314.961
1982-07-01,7.45154700,6.55738,6.2212050000000003,12.59,337.895
1982-08-01,5.67198710,5.96529,6.2300209999999998,10.12,363.413
1982-09-01,3.30248340,4.94092,6.9526159999999999,10.31,438.150
1982-10-01,4.62968240,5.03212,7.5364800000000001,9.71,422.786
1982-11-01,5.75723950,4.47761,7.8973330000000015,9.20,415.114
1982-12-01,5.34963530,3.82572,7.9516689999999999,8.95,444.776
1983-01-01,4.69918930,3.70763,8.2444179999999996,8.68,481.838
1983-02-01,4.86952160,3.48469,8.3916620000000002,8.51,493.488
1983-03-01,5.30381690,3.59029,8.6655800000000003,8.77,420.707
1983-04-01,5.08796580,4.00000,8.9728320000000004,8.80,433.171
1983-05-01,5.29803120,3.44108,9.3691540000000000,8.63,437.393
1983-06-01,5.96062350,2.47423,9.5490469999999998,8.98,413.148
1983-07-01,4.72544950,2.35897,9.5804899999999993,9.37,422.645
1983-08-01,5.73898110,2.45650,9.3051139999999997,9.56,416.205
1983-09-01,5.47291380,2.76356,9.5762000000000000,9.45,412.245
1983-10-01,4.92586040,2.75229,9.5845839999999995,9.48,394.245
1983-11-01,4.61756170,3.16327,9.4484420000000000,9.34,381.016
1983-12-01,4.45117330,3.78710,9.4001459999999994,9.47,388.060
1984-01-01,5.35483190,4.29009,9.5318509999999996,9.56,370.735
1984-02-01,5.20461540,4.69388,8.9725409999999997,9.59,386.038
1984-03-01,5.60234410,4.89297,8.9782270000000004,9.91,394.743
1984-04-01,5.36433260,4.55466,8.9787230000000005,10.29,381.371
1984-05-01,5.37024530,4.33468,8.9197419999999994,10.32,376.957
1984-06-01,5.37616630,4.32596,8.7428670000000004,11.06,378.314
1984-07-01,6.29498690,4.30862,8.6250859999999996,11.23,347.598
1984-08-01,6.06695610,4.29570,9.3177690000000002,11.64,347.677
1984-09-01,6.43406740,4.28287,9.4758890000000005,11.30,340.945
1984-10-01,6.86463640,4.26587,9.4167079999999999,9.99,340.217
1984-11-01,6.38209390,4.15430,9.4987949999999994,9.43,341.286
1984-12-01,5.75477110,4.04339,9.3827789999999993,8.38,319.622
1985-01-01,5.13621670,3.52595,9.8151659999999996,8.35,302.852
1985-02-01,4.79282600,3.60624,10.3715399999999995,8.50,299.833
1985-03-01,4.54149360,3.79009,10.2914200000000005,8.58,303.205
1985-04-01,5.71717960,3.58180,10.3645600000000009,8.27,324.883
1985-05-01,4.98950490,3.57488,10.5965199999999999,7.97,316.395
1985-06-01,3.52091030,3.66442,10.8475800000000007,7.53,316.298
1985-07-01,4.46017150,3.45821,11.0560700000000001,7.88,317.202
1985-08-01,4.25833670,3.35249,10.8029100000000007,7.90,330.131
1985-09-01,4.11774730,3.24737,10.5584199999999999,7.92,323.764
1985-10-01,4.08268070,3.23501,10.6528299999999998,7.99,326.093
1985-11-01,4.20825250,3.51377,11.2827800000000007,8.05,325.548
1985-12-01,4.45881810,3.79147,11.8169199999999996,8.27,321.985
1986-01-01,4.29488410,3.97351,11.8988999999999994,8.14,345.561
1986-02-01,4.48317660,3.19849,12.5199999999999996,7.86,339.053
1986-03-01,5.31592260,2.15356,13.2667000000000002,7.48,346.095
1986-04-01,5.11601550,1.58879,13.5939899999999998,6.99,340.716
1986-05-01,4.96674130,1.67910,13.6032899999999994,6.85,342.325
1986-06-01,4.49154240,1.76744,13.9449500000000004,6.92,342.798
1986-07-01,3.50493680,1.67131,13.6976700000000005,6.56,348.554
1986-08-01,3.35509850,1.57553,13.9549000000000003,6.17,376.290
1986-09-01,2.99641290,1.75763,13.5734399999999997,5.89,418.152
1986-10-01,2.76604470,1.56682,13.5414600000000007,5.85,423.863
1986-11-01,2.69176570,1.28440,13.9478100000000005,6.04,396.983
1986-12-01,2.41788070,1.18721,14.0740400000000001,6.91,391.595
1987-01-01,2.48413290,1.36488,14.9706799999999980,6.43,408.524
1987-02-01,2.28603990,1.91431,15.8681800000000006,6.10,401.045
1987-03-01,3.29241540,2.84143,16.4820600000000006,6.13,408.848
1987-04-01,2.50409520,3.67985,16.2288399999999982,6.37,439.665
1987-05-01,2.10890030,3.66972,16.1423200000000016,6.85,461.650
1987-06-01,2.85414650,3.74771,16.7935100000000013,6.73,449.282
1987-07-01,2.26998560,3.92694,17.2594799999999999,6.58,450.330
1987-08-01,2.57361290,4.28832,18.2398600000000002,6.73,460.988
1987-09-01,2.37821020,4.27273,17.6703399999999995,7.22,460.120
1987-10-01,3.65368380,4.35572,15.5606299999999980,7.29,465.764
1987-11-01,3.43400670,4.52899,13.5880100000000006,6.69,468.140
1987-12-01,2.41275040,4.33213,13.3574999999999999,6.77,487.079
1988-01-01,2.47168430,4.12926,13.9183400000000006,6.83,477.758
1988-02-01,2.85749320,3.93560,14.3727300000000007,6.58,442.124
1988-03-01,2.69979000,3.83244,14.8425100000000008,6.58,443.491
1988-04-01,2.80511640,3.99290,14.7018699999999995,6.87,451.558
1988-05-01,2.90784510,3.98230,14.3585299999999982,7.09,451.320
1988-06-01,3.12711250,3.96476,15.1244399999999999,7.51,451.657
1988-07-01,2.51976500,4.13005,15.0643700000000020,7.75,437.452
1988-08-01,3.23874260,4.11199,14.7806499999999996,8.01,431.064
1988-09-01,3.35833630,4.18483,15.0006100000000000,8.19,413.439
1988-10-01,3.11955320,4.26087,15.4846900000000005,8.30,406.390
1988-11-01,3.04382550,4.24610,15.1194100000000002,8.35,419.966
1988-12-01,3.27055190,4.41176,15.3843899999999998,8.76,419.248
1989-01-01,3.25220860,4.48276,15.8849199999999993,9.12,404.445
1989-02-01,3.41076590,4.64716,16.3477999999999994,9.36,387.973
1989-03-01,3.46650770,4.89270,16.3005600000000008,9.85,390.274
1989-04-01,4.05675830,5.03413,16.7725000000000009,9.84,384.720
1989-05-01,4.50635940,5.27660,17.3597799999999971,9.81,371.350
1989-06-01,4.45379320,5.16949,17.9009900000000002,9.53,367.727
1989-07-01,3.90232120,5.06329,18.3310899999999997,9.24,375.210
1989-08-01,3.73376290,4.62185,19.1066099999999999,8.99,365.548
1989-09-01,3.96956770,4.43515,19.1122499999999995,9.02,361.798
1989-10-01,3.93519170,4.58716,19.0624399999999987,8.84,366.800
1989-11-01,3.86269160,4.65503,18.6626800000000017,8.55,394.361
1989-12-01,3.92125370,4.63960,19.0752099999999984,8.45,409.655
1990-01-01,3.82224230,5.19802,18.5664799999999985,8.23,410.118
1990-02-01,3.36711840,5.26316,18.0775900000000007,8.24,416.543
1990-03-01,4.43179570,5.23732,18.4458299999999973,8.28,393.661
1990-04-01,4.52712990,4.71162,18.3814099999999989,8.26,374.929
1990-05-01,4.30626600,4.36540,18.9492300000000000,8.18,368.855
1990-06-01,3.72363800,4.67365,19.4770600000000016,8.29,352.657
1990-07-01,4.28931890,4.81928,19.4746899999999989,8.15,361.820
1990-08-01,3.90242770,5.70281,17.9686599999999999,8.13,394.861
1990-09-01,2.85327940,6.16987,17.1543200000000020,8.20,389.560
1990-10-01,2.57517710,6.37959,16.6420899999999996,8.11,381.333
1990-11-01,2.06465650,6.19539,17.0545100000000005,7.81,381.866
1990-12-01,2.08943760,6.25495,17.7827100000000016,7.31,378.161
1991-01-01,2.68832760,5.64706,17.6221299999999985,6.91,384.591
1991-02-01,3.00589800,5.31250,19.5830799999999989,6.25,363.748
1991-03-01,2.83248230,4.82115,20.1592100000000016,6.12,363.390
1991-04-01,3.41511650,4.80993,20.5699199999999998,5.91,358.055
1991-05-01,3.15279120,5.03486,20.4927099999999989,5.78,357.117
1991-06-01,2.96284440,4.69592,20.5305600000000013,5.90,366.360
1991-07-01,2.86350750,4.36782,20.6273400000000002,5.82,368.013
1991-08-01,2.70176280,3.79939,21.1264600000000016,5.66,356.721
1991-09-01,2.63416980,3.39623,21.0489400000000018,5.45,348.460
1991-10-01,2.15856580,2.84858,21.1034100000000002,5.21,358.826
1991-11-01,2.06564660,3.06657,21.1183599999999991,4.81,359.960
1991-12-01,1.64026630,2.98063,21.2187299999999972,4.43,361.875
1992-01-01,1.50429280,2.67261,22.7115900000000011,4.03,354.436
1992-02-01,1.45465520,2.81899,22.5906299999999973,4.06,353.853
1992-03-01,1.36988450,3.18991,22.3027799999999985,3.98,344.641
1992-04-01,1.74984650,3.18283,22.2371300000000005,3.73,338.728
1992-05-01,1.49159080,3.02360,22.6390500000000010,3.82,337.039
1992-06-01,1.25285460,3.01471,22.2497800000000012,3.76,340.784
1992-07-01,1.25385840,3.15712,22.5956800000000015,3.25,352.452
1992-08-01,1.06869980,3.07467,22.7840699999999998,3.30,343.603
1992-09-01,0.98347453,2.99270,22.7898700000000005,3.22,345.300
1992-10-01,0.73632090,3.27988,22.4770199999999996,3.10,344.277
1992-11-01,0.90703369,3.12046,23.0581299999999985,3.09,334.924
1992-12-01,1.09956710,2.96671,23.7152600000000007,2.92,334.657
1993-01-01,0.90345318,3.25380,23.7347700000000010,3.02,328.993
1993-02-01,0.79552367,3.24675,24.1051900000000003,3.03,329.310
1993-03-01,0.55103927,3.01941,24.5713000000000008,3.07,329.974
1993-04-01,0.71185854,3.15638,24.2349600000000009,2.96,341.948
1993-05-01,0.60491925,3.22119,24.3632099999999987,3.00,367.045
1993-06-01,1.25552300,2.99786,24.4769100000000002,3.04,371.914
1993-07-01,0.83848638,2.84698,24.5449200000000012,3.06,392.034
1993-08-01,0.91406765,2.84091,24.9488799999999991,3.03,379.795
1993-09-01,0.76919008,2.76400,25.2390399999999993,3.09,355.561
1993-10-01,0.53441071,2.75229,25.5032999999999994,2.99,364.005
1993-11-01,0.72851590,2.74455,25.3448199999999986,3.02,373.939
1993-12-01,0.94794230,2.81096,25.5228900000000003,2.96,383.243
1994-01-01,0.88858704,2.45098,25.9565299999999972,3.05,387.110
1994-02-01,0.77513982,2.51572,25.9426200000000016,3.25,381.658
1994-03-01,0.33699727,2.65178,25.4828699999999984,3.34,384.000
1994-04-01,1.30459580,2.36439,24.5566700000000004,3.56,377.908
1994-05-01,1.55011750,2.28849,24.7144000000000013,4.01,381.343
1994-06-01,1.25383360,2.49480,24.8775399999999998,4.25,385.714
1994-07-01,1.48021810,2.69896,24.6876899999999999,4.26,385.450
1994-08-01,1.99615040,2.90055,25.3602400000000010,4.47,380.207
1994-09-01,2.03101840,2.96552,25.5108500000000014,4.73,391.348
1994-10-01,2.03094610,2.60989,25.2744600000000013,4.76,390.164
1994-11-01,2.04089860,2.60274,25.0032899999999998,5.29,384.377
1994-12-01,2.01401730,2.59740,24.6242899999999985,5.45,379.480
1995-01-01,2.32982810,2.87081,25.1106200000000008,5.53,378.738
1995-02-01,2.25730420,2.86299,25.9325699999999983,5.92,376.745
1995-03-01,2.16127930,2.78722,26.4223600000000012,5.98,381.820
1995-04-01,2.36221990,3.12500,27.1715499999999999,6.05,391.339
1995-05-01,3.71093360,3.11864,27.9074199999999983,6.01,385.231
1995-06-01,3.10988340,3.04260,28.6715299999999971,6.00,387.618
1995-07-01,2.43535030,2.83019,29.5286099999999969,5.85,386.138
1995-08-01,2.51839550,2.61745,29.7138099999999987,5.74,383.502
1995-09-01,2.20314530,2.54521,30.7398099999999985,5.80,382.931
1995-10-01,2.52767610,2.74431,30.8753700000000002,5.76,383.202
1995-11-01,2.32717580,2.60347,31.4498599999999975,5.80,385.209
1995-12-01,3.05439540,2.53165,32.4717500000000001,5.60,387.445
1996-01-01,2.41653340,2.79070,32.6031499999999994,5.56,398.695
1996-02-01,2.14358530,2.71703,34.3099099999999950,5.22,404.919
1996-03-01,2.59565560,2.84392,34.3372799999999998,5.31,396.512
1996-04-01,2.58769470,2.83267,34.4135199999999983,5.22,392.870
1996-05-01,2.30539510,2.82709,35.1403200000000027,5.24,391.990
1996-06-01,2.37647570,2.82152,35.4843599999999952,5.27,385.245
1996-07-01,2.67806080,2.88336,34.2169400000000010,5.40,383.457
1996-08-01,2.45370100,2.81230,35.1152000000000015,5.22,387.510
1996-09-01,2.67428960,3.00457,35.7464999999999975,5.30,383.290
1996-10-01,2.36091570,3.06189,36.9917400000000001,5.24,380.909
1996-11-01,2.15343490,3.25309,38.4985700000000008,5.31,377.869
1996-12-01,2.45361110,3.37882,38.7816299999999998,5.29,369.338
1997-01-01,2.14983000,3.03814,39.9673000000000016,5.25,355.025
1997-02-01,1.95379130,3.03226,41.4509599999999949,5.19,346.400
1997-03-01,2.42806580,2.76527,41.2677699999999987,5.39,352.311
1997-04-01,2.58341090,2.43434,39.7115900000000011,5.51,344.707
1997-05-01,2.59784350,2.23785,42.9164200000000022,5.50,344.100
1997-06-01,2.77497690,2.23357,45.2638200000000026,5.56,340.805
1997-07-01,2.93198090,2.16561,47.6273699999999991,5.52,323.780
1997-08-01,2.64664890,2.29008,47.6865900000000025,5.54,323.998
1997-09-01,2.84858720,2.21940,48.4996200000000002,5.54,322.616
1997-10-01,2.33297070,2.08597,49.4408600000000007,5.50,324.863
1997-11-01,2.16665380,1.89036,48.7314500000000024,5.52,306.345
1997-12-01,2.83529710,1.69705,49.9765299999999968,5.50,288.776
1998-01-01,2.65581340,1.63112,49.9245000000000019,5.56,289.264
1998-02-01,2.53064530,1.44020,52.6996400000000023,5.51,297.743
1998-03-01,2.69924950,1.37672,55.5262000000000029,5.49,295.870
1998-04-01,2.70722660,1.43840,57.2448800000000020,5.45,308.558
1998-05-01,2.59774460,1.68856,56.8894299999999973,5.49,298.971
1998-06-01,2.86986550,1.62297,56.4233900000000048,5.56,292.223
1998-07-01,2.26653150,1.74564,58.0705800000000067,5.54,292.874
1998-08-01,2.34616520,1.61692,53.3936199999999985,5.55,284.228
1998-09-01,2.23960010,1.42680,50.1651200000000017,5.51,288.661
1998-10-01,2.11769940,1.48607,50.6531299999999973,5.07,296.595
1998-11-01,2.01977820,1.48423,55.8790100000000010,4.83,294.243
1998-12-01,2.36395660,1.60692,57.0383799999999965,4.68,291.357
1999-01-01,1.97754850,1.66667,58.9662199999999928,4.63,287.333
1999-02-01,1.90742410,1.66667,58.2997299999999967,4.76,287.495
1999-03-01,2.43334450,1.72840,59.7840800000000030,4.81,286.243
1999-04-01,2.50242990,2.28113,62.1668599999999998,4.74,282.620
1999-05-01,2.16183750,2.09102,62.9455499999999972,4.74,276.932
1999-06-01,3.44903840,1.96560,62.3427099999999967,4.76,261.402
1999-07-01,2.54590720,2.14461,64.2543000000000006,4.99,256.198
1999-08-01,2.63163780,2.26438,61.5005999999999986,5.07,256.936
1999-09-01,2.71541290,2.62997,60.1979400000000027,5.22,264.470
1999-10-01,2.25767010,2.56254,59.3237400000000008,5.20,311.562
1999-11-01,2.16694580,2.62035,62.8075100000000006,5.42,293.650
1999-12-01,1.84404300,2.67640,63.1987499999999969,5.30,283.743
2000-01-01,2.65349890,2.79296,62.8660199999999918,5.45,284.590
2000-02-01,2.63962140,3.21797,59.9238699999999938,5.73,300.855
2000-03-01,2.65931000,3.76214,61.6246800000000050,5.85,286.704
2000-04-01,2.89569900,3.01386,64.0181900000000041,6.02,279.961
2000-05-01,2.78899800,3.13253,63.3383300000000062,6.27,275.293
2000-06-01,1.97824960,3.73494,64.3315699999999993,6.53,285.368
2000-07-01,3.35333640,3.59928,64.6789500000000004,6.54,282.152
2000-08-01,3.23888420,3.35129,65.9681400000000053,6.50,274.523
2000-09-01,3.00375470,3.45650,66.1083500000000015,6.52,273.676
2000-10-01,3.04657280,3.45033,64.0261500000000012,6.51,270.405
2000-11-01,2.75627540,3.44418,63.9463599999999985,6.51,265.989
2000-12-01,2.31883880,3.43602,63.8902500000000018,6.40,271.892
2001-01-01,3.12556130,3.72120,64.4254199999999884,5.98,265.934
2001-02-01,2.83425220,3.52941,64.1760000000000019,5.49,262.018
2001-03-01,3.61730110,2.98246,59.7593999999999994,5.31,263.273
2001-04-01,2.39777640,3.21826,60.0929199999999923,4.80,260.750
2001-05-01,1.86322210,3.56308,63.8312499999999972,4.21,272.057
2001-06-01,1.44539710,3.19396,62.4747199999999978,3.97,270.738
2001-07-01,1.69281700,2.72148,60.7987200000000030,3.77,267.707
2001-08-01,1.59373150,2.72148,59.8656999999999968,3.65,272.657
2001-09-01,0.25169635,2.59217,54.5954199999999972,3.07,282.478
2001-10-01,1.02547360,2.12766,55.0646399999999971,2.49,283.322
2001-11-01,1.05574580,1.89437,56.9918300000000073,2.09,276.248
2001-12-01,-0.19812037,1.60367,57.7323800000000062,1.82,275.992
2002-01-01,0.78737590,1.19590,57.6208300000000051,1.73,281.764
2002-02-01,0.85551172,1.13636,56.4110599999999991,1.74,295.683
2002-03-01,1.08039570,1.36286,59.4904199999999932,1.73,294.353
2002-04-01,0.53216094,1.64399,58.1882099999999980,1.75,302.862
2002-05-01,0.10822150,1.24083,57.0232000000000028,1.75,314.480
2002-06-01,0.44413012,1.06922,53.9080699999999950,1.75,321.536
2002-07-01,0.25558851,1.46561,48.2562199999999990,1.73,313.567
2002-08-01,0.18227988,1.74746,48.7076500000000010,1.74,310.045
2002-09-01,-0.01541029,1.51600,46.7630399999999966,1.75,318.800
2002-10-01,-0.19993985,2.02703,45.5427699999999973,1.75,316.748
2002-11-01,-0.27816716,2.25352,47.8747499999999988,1.34,319.255
2002-12-01,-0.06171805,2.48027,47.5248500000000007,1.24,333.300
2003-01-01,-0.19006412,2.75746,47.3498999999999981,1.24,356.864
2003-02-01,-0.18728049,3.14607,44.3759900000000016,1.26,359.575
2003-03-01,-0.17478652,3.02521,44.2455300000000022,1.25,341.564
2003-04-01,-0.10768997,2.17513,46.6297599999999974,1.26,328.208
2003-05-01,0.08037008,1.89415,49.3649300000000011,1.26,355.405
2003-06-01,-1.22201890,1.94878,52.2927599999999941,1.22,356.912
2003-07-01,-0.09244847,2.05556,52.1439400000000006,1.01,350.765
2003-08-01,0.09684109,2.21607,52.2689700000000030,1.03,358.993
2003-09-01,0.05638458,2.37832,53.8006400000000014,1.01,378.859
2003-10-01,-0.19647062,2.04194,55.2053099999999972,1.01,379.093
2003-11-01,-0.16354861,1.92837,56.1324300000000065,1.00,390.200
2003-12-01,-0.60214837,2.03520,58.5198499999999981,0.98,407.674
2004-01-01,-0.13765171,2.02629,61.4746400000000008,1.00,414.495
2004-02-01,-0.40138788,1.68845,62.4027900000000031,1.01,404.730
2004-03-01,-0.06433799,1.74008,61.5773900000000012,1.00,405.976
2004-04-01,-0.41226559,2.29258,61.8444999999999965,1.00,404.850
2004-05-01,-0.50688531,2.89776,59.7237199999999930,1.00,383.953
2004-06-01,-0.99233744,3.16767,61.3312600000000003,1.03,391.780
2004-07-01,-0.44661319,2.93958,60.3898099999999971,1.26,398.441
2004-08-01,-0.49146606,2.54743,59.4989400000000046,1.43,400.133
2004-09-01,-1.33238490,2.53917,61.3456800000000015,1.61,405.402
2004-10-01,-0.21069296,3.19091,61.8998500000000007,1.76,420.210
2004-11-01,-0.04377570,3.62162,64.9732099999999946,1.93,439.059
2004-12-01,1.17700150,3.34232,66.8493600000000043,2.16,442.974
2005-01-01,0.34105223,2.84487,66.0967300000000080,2.28,424.080
2005-02-01,0.53033359,3.05303,67.8469999999999942,2.50,423.430
2005-03-01,0.58317037,3.20684,68.0807599999999979,2.63,434.355
2005-04-01,0.48126552,3.36179,66.2904099999999943,2.79,429.140
2005-05-01,0.66765132,2.86929,66.4794199999999904,3.00,422.903
2005-06-01,0.82656544,2.54103,67.7981999999999942,3.04,430.302
2005-07-01,1.09123600,3.06716,69.1415300000000030,3.26,424.745
2005-08-01,1.27134700,3.64693,70.0831599999999924,3.50,437.773
2005-09-01,1.97526410,4.74183,71.0115899999999982,3.62,455.936
2005-10-01,1.18130550,4.35010,69.0557400000000001,3.78,470.107
2005-11-01,1.27227230,3.33855,71.1132000000000062,4.00,476.668
2005-12-01,0.86637481,3.33855,72.9563800000000100,4.16,509.423
2006-01-01,2.02267770,4.01879,74.8948099999999783,4.29,549.433
2006-02-01,2.12014590,3.63825,75.3682500000000033,4.49,555.518
2006-03-01,3.24640900,3.41792,76.5587300000000113,4.59,557.215
2006-04-01,2.09117090,3.61384,78.1582099999999969,4.79,611.853
2006-05-01,2.29525250,3.97727,78.1904300000000063,4.94,676.769
2006-06-01,2.38412450,4.18172,74.7909499999999952,4.99,597.898
2006-07-01,2.16458710,4.10467,75.9610100000000017,5.24,633.093
2006-08-01,2.15325800,3.92657,77.6876800000000003,5.25,631.557
2006-09-01,2.76977870,2.01207,78.5390199999999936,5.25,600.150
2006-10-01,2.82775340,1.40633,81.0230899999999963,5.25,586.648
2006-11-01,3.35348870,1.96870,82.9852099999999950,5.25,626.825
2006-12-01,3.44532640,2.52398,85.1180699999999888,5.24,629.513
2007-01-01,2.29426100,2.07577,85.5371899999999954,5.25,630.352
2007-02-01,2.48278340,2.42026,87.5729299999999995,5.26,665.103
2007-03-01,2.08109970,2.79820,85.4208699999999936,5.26,655.891
2007-04-01,2.06176470,2.59292,89.4411199999999980,5.25,680.008
2007-05-01,1.45303580,2.70989,92.0211900000000043,5.25,668.310
2007-06-01,1.08686540,2.69277,92.6925200000000018,5.25,655.714
2007-07-01,1.90748410,2.31789,93.5409599999999983,5.26,665.266
2007-08-01,2.13083890,1.89745,88.4166900000000027,5.02,664.530
2007-09-01,1.80619640,2.83383,91.4896899999999960,4.94,710.645
2007-10-01,1.70921060,3.61070,95.1495299999999986,4.76,754.480
2007-11-01,2.19277410,4.37327,91.0900400000000019,4.49,808.311
2007-12-01,1.49314140,4.10881,91.8825800000000044,4.24,803.618
2008-01-01,1.12055790,4.29470,85.9213799999999992,3.94,887.784
2008-02-01,0.29817483,4.14296,84.6489499999999992,2.98,924.283
2008-03-01,0.63290718,3.97490,82.1694600000000008,2.61,971.055
2008-04-01,0.06574427,3.90376,85.9222199999999958,2.28,911.600
2008-05-01,-0.38171377,4.08841,88.2616900000000015,1.98,889.125
2008-06-01,-0.36084469,4.93597,84.2632699999999772,2.00,889.536
2008-07-01,-0.81728214,5.49751,78.9506499999999960,2.01,941.167
2008-08-01,-1.47387050,5.30802,78.3181799999999981,2.00,840.388
2008-09-01,-1.01600200,4.95332,74.0719399999999979,1.81,824.920
2008-10-01,1.19478250,3.73106,57.4156300000000073,0.97,812.815
2008-11-01,2.78386870,1.09992,51.7796099999999981,0.39,757.850
2008-12-01,2.54899290,-0.02223,51.7366200000000021,0.16,819.940
2009-01-01,2.02703460,-0.11359,51.3784700000000001,0.15,857.726
2009-02-01,2.07874390,0.00846,47.3830499999999972,0.22,939.763
2009-03-01,3.24525050,-0.44648,44.3909799999999990,0.18,925.989
2009-04-01,0.06938378,-0.57632,50.0141599999999968,0.15,892.663
2009-05-01,0.06749577,-1.01576,54.5226400000000027,0.18,926.855
2009-06-01,0.48903207,-1.22917,56.0599400000000045,0.21,947.807
2009-07-01,-0.10306189,-1.95876,56.3407199999999975,0.16,934.272
2009-08-01,-0.96508483,-1.48384,61.6001499999999993,0.16,949.500
2009-09-01,-1.88670630,-1.37794,63.9741699999999938,0.15,996.443
2009-10-01,-0.80983562,-0.22397,65.4323300000000074,0.12,1043.511
2009-11-01,-1.00561440,1.91459,66.3717999999999932,0.12,1126.119
2009-12-01,-1.21965670,2.81412,67.1646999999999963,0.12,1135.012
2010-01-01,-0.81215137,2.62111,67.9826099999999940,0.11,1119.575
2010-02-01,-1.06732520,2.15134,65.1309399999999954,0.13,1095.800
2010-03-01,-1.61830630,2.28617,68.8368600000000015,0.16,1115.554
2010-04-01,-0.44425119,2.20677,71.2205399999999997,0.20,1148.475
2010-05-01,-0.50458009,2.00355,65.5570799999999991,0.20,1204.321
2010-06-01,-0.38416424,1.12156,63.3849800000000059,0.18,1232.382
2010-07-01,-0.07004565,1.34078,63.6621099999999984,0.18,1196.000
2010-08-01,-0.68622794,1.15018,64.8323599999999942,0.19,1213.464
2010-09-01,-0.13733499,1.11831,66.9184800000000024,0.19,1271.461
2010-10-01,-1.00223790,1.16670,70.0758599999999916,0.19,1343.190
2010-11-01,-1.16548310,1.08454,71.2458299999999980,0.19,1371.784
2010-12-01,-0.93692711,1.43779,73.4390900000000215,0.18,1393.512
2011-01-01,-1.10898110,1.70078,75.8366299999999995,0.17,1360.475
2011-02-01,-1.37308600,2.12490,78.3819599999999781,0.16,1371.313
2011-03-01,-1.53354630,2.61924,77.4994200000000006,0.14,1422.848
2011-04-01,-1.46878210,3.07723,79.3437300000000221,0.10,1474.431
2011-05-01,-2.12289840,3.45897,78.7945199999999772,0.09,1512.188
2011-06-01,-2.04385660,3.50232,75.9440500000000043,0.09,1528.380
2011-07-01,-2.56603860,3.57988,77.6740999999999957,0.07,1568.526
2011-08-01,-1.29618830,3.75500,68.7667199999999923,0.10,1759.500
2011-09-01,-0.74655287,3.81262,66.5573300000000074,0.08,1780.648
2011-10-01,-1.59565640,3.52227,67.9488999999999947,0.07,1667.893
2011-11-01,-1.64115630,3.45143,68.6442100000000011,0.08,1735.977
2011-12-01,-1.95413670,3.06207,69.3681800000000095,0.07,1652.725
2012-01-01,-1.59499720,3.00877,72.3130500000000040,0.08,1656.095
2012-02-01,-1.66254900,2.89818,75.6141999999999967,0.10,1743.095
2012-03-01,-1.32757640,2.58288,76.4875499999999988,0.13,1675.057
2012-04-01,-1.87389300,2.27316,75.3468900000000019,0.14,1648.539
2012-05-01,-1.25001450,1.73794,72.1718099999999936,0.16,1585.114
2012-06-01,-0.35978255,1.65387,70.7619899999999973,0.16,1595.632
2012-07-01,-1.21090770,1.41751,72.7995099999999979,0.16,1592.784
2012-08-01,-1.16579480,1.68593,75.0352000000000032,0.13,1625.682
2012-09-01,-2.12467250,1.94972,77.4222500000000053,0.14,1741.925
2012-10-01,-1.67924670,2.15568,77.6091899999999981,0.16,1746.348
2012-11-01,-1.51823980,1.79602,76.1349300000000113,0.16,1724.352
2012-12-01,-2.48971230,1.75950,78.3935699999999969,0.16,1687.342
2013-01-01,-1.11616370,1.68406,81.9272600000000040,0.14,1671.886
2013-02-01,-0.94603683,2.01814,83.3436400000000219,0.15,1630.688
2013-03-01,0.48887020,1.51875,84.6809800000000052,0.14,1591.013
2013-04-01,-0.77068502,1.13881,85.1552599999999984,0.15,1485.905
2013-05-01,-0.51296752,1.39039,88.4166000000000025,0.11,1416.143
2013-06-01,-0.68342236,1.71579,86.2031900000000064,0.09,1342.700
2013-07-01,-0.16887147,1.88547,88.4996699999999947,0.09,1284.348
2013-08-01,-1.57304500,1.53881,88.9430499999999995,0.08,1345.048
2013-09-01,-1.35603460,1.09473,90.1150700000000029,0.08,1348.464
2013-10-01,-1.07562530,0.87680,92.1681399999999940,0.09,1314.402
2013-11-01,-1.01729450,1.23287,94.6492199999999997,0.08,1277.417
2013-12-01,-1.91457370,1.51284,95.0910899999999941,0.09,1221.588
2014-01-01,-1.34525250,1.55776,95.9823300000000046,0.07,1243.068
2014-02-01,-1.40151350,1.12047,95.3644699999999972,0.07,1298.713
2014-03-01,-0.87407667,1.61269,97.5370499999999936,0.08,1336.560
2014-04-01,-1.32158430,2.01513,98.4552599999999956,0.09,1299.175
2014-05-01,-1.52038790,2.16695,99.7269399999999990,0.09,1288.913
2014-06-01,-1.19028930,2.05898,102.1337999999999937,0.10,1277.857
2014-07-01,-1.78356220,1.97424,102.8773999999999944,0.09,1312.989
2014-08-01,-1.31988030,1.71510,101.5284000000000049,0.09,1297.005
2014-09-01,-1.97205230,1.68405,102.3879000000000019,0.09,1241.330
2014-10-01,-1.11007930,1.60954,98.0721099999999950,0.09,1223.565
2014-11-01,-0.34990728,1.23152,102.2601999999999975,0.09,1176.413
2014-12-01,-2.50329180,0.65312,101.3764999999999930,0.12,1200.440
2015-01-01,1.12397490,-0.22993,100.0790999999999968,0.11,1249.333
2015-02-01,1.54236930,-0.08703,102.7755999999999972,0.11,1231.100
2015-03-01,0.91614976,-0.02203,102.2536999999999949,0.11,1180.636
2015-04-01,-0.83404213,-0.10403,103.8487999999999971,0.12,1198.253
2015-05-01,-0.98806997,0.03503,104.4068000000000040,0.12,1197.684
2015-06-01,-1.18205955,0.17957,103.1632000000000033,0.13,1182.248
2015-07-01,-1.26470300,0.22569,101.6937999999999960,0.13,1131.580
2015-08-01,-1.30288050,0.24130,98.6401400000000024,0.14,1117.525
2015-09-01,-1.74613640,0.00884,93.2241199999999992,0.14,1124.905
2015-10-01,-0.84535881,0.12762,96.7003100000000018,0.12,1157.123
2015-11-01,-0.73988133,0.43632,97.6606799999999993,0.12,1088.388
2015-12-01,-0.72996474,0.63872,95.5536699999999968,0.24,1068.317
2016-01-01,-0.87219070,1.23750,89.2078099999999949,0.34,1095.655
2016-02-01,-0.21080726,0.84728,88.2409899999999965,0.38,1194.893
2016-03-01,0.20280334,0.89162,94.1950700000000012,0.36,1246.312
2016-04-01,-1.18731654,1.17263,96.8375199999999978,0.37,1241.452
2016-05-01,-1.17368690,1.07848,96.8365799999999979,0.37,1259.755
2016-06-01,-0.55190959,1.07929,97.5245900000000034,0.38,1273.580
2016-07-01,-1.50103723,0.86836,99.9992100000000050,0.39,1337.429
2016-08-01,-1.41616467,1.05532,101.0480000000000018,0.40,1340.861
2016-09-01,-2.20417488,1.54864,100.2301999999999964,0.40,1326.618
2016-10-01,-1.65360405,1.68592,99.0518600000000049,0.40,1268.929
2016-11-01,-1.88065568,1.68433,99.8542300000000012,0.41,1240.293
2016-12-01,-2.25275783,2.05080,103.8436999999999983,0.54,1152.165
2017-01-01,-1.37086914,2.51039,105.0234999999999985,0.65,1192.648
2017-02-01,-1.18188446,2.81036,106.9744000000000028,0.66,1233.390
2017-03-01,-0.15871639,2.44120,107.7980000000000018,0.79,1231.063
2017-04-01,-0.56455297,2.17622,107.2742999999999967,0.90,1267.150
2017-05-01,-0.40602435,1.85634,108.3879000000000019,0.91,1245.250
2017-06-01,0.68431521,1.64057,109.9261000000000053,1.04,1261.277
2017-07-01,-0.44468298,1.72511,111.1847000000000065,1.15,1235.100
2017-08-01,-0.37064119,1.92812,110.9526000000000039,1.16,1281.720
2017-09-01,-1.01705756,2.18057,112.8619000000000057,1.15,1317.045
2017-10-01,-0.83785636,2.02076,115.6323000000000008,1.15,1280.677
2017-11-01,-0.98384247,2.17249,115.9485999999999990,1.16,1283.189
2017-12-01,-2.81708626,2.12993,119.0447999999999951,1.30,1265.674
2018-01-01,-0.77726570,2.15132,124.2432000000000016,1.41,1332.809
2018-02-01,-0.83055203,2.26347,119.4890999999999934,1.42,1333.775
2018-03-01,1.34333197,2.33095,118.0816999999999979,1.51,1325.562
2018-04-01,0.77551332,2.47100,117.4013000000000062,1.69,1335.332
2018-05-01,0.43880137,2.78192,118.3034999999999997,1.70,1303.618
2018-06-01,0.75638472,2.80755,118.5999000000000052,1.82,1282.126
2018-07-01,-0.12973530,2.85412,119.5296000000000021,1.91,1238.064
2018-08-01,-0.11489998,2.64292,121.2814999999999941,1.91,1201.859
2018-09-01,-0.68478285,2.33206,122.2612000000000023,1.95,1199.198
2018-10-01,-0.18193060,2.49203,117.4184000000000054,2.19,1214.726
2018-11-01,0.11522289,2.14733,115.5293999999999954,2.20,1221.275
2018-12-01,0.48206827,2.00238,108.7552000000000021,2.27,1249.887
2019-01-01,0.59518209,1.48759,111.1662000000000035,2.40,1291.630
2019-02-01,0.56831863,1.51886,117.2233999999999980,2.40,1319.755
2019-03-01,5.69992870,1.88319,118.2830000000000013,2.41,1302.286
2019-04-01,3.11685814,2.00058,121.0378000000000043,2.42,1287.650
2019-05-01,1.86934498,1.79591,118.6424999999999983,2.39,1282.460
2019-06-01,1.84771863,1.67119,120.1735000000000042,2.38,1358.488
2019-07-01,1.05216750,1.82633,123.4300000000000068,2.40,1414.611
2019-08-01,0.64538988,1.73764,118.2840000000000060,2.13,1497.102
2019-09-01,0.28409933,1.68450,121.7588999999999970,2.04,1510.336
2019-10-01,-0.04052344,1.73397,121.3508999999999958,1.83,1494.765
2019-11-01,-0.22348679,2.09229,125.8870000000000005,1.55,1471.921
2019-12-01,-0.28927221,2.31953,128.5202999999999918,1.55,1480.025
2020-01-01,-0.59602385,2.59977,130.9052000000000078,1.55,1560.668
2020-02-01,-0.54217106,2.34132,128.6936000000000035,1.58,1598.818
2020-03-01,3.35421645,1.49404,100.4579999999999984,0.65,1593.764
2020-04-01,3.23944367,0.31305,101.8041000000000054,0.05,1680.030
2020-05-01,2.87932085,0.19820,105.6555000000000035,0.05,1715.697
2020-06-01,1.41774102,0.71666,113.1662000000000035,0.08,1734.032
2020-07-01,-0.74405804,0.99686,115.0943000000000040,0.09,1840.807
